{
	"mean": 118.15540832190214,
	"energy": 0.013738290818109003,
	"entropy": 6.440516640181625,
	"variance": 631.5158637988861,
	"contrast": 0.15453422288114813,
	"fineness": 29200988319999.48,
	"asymmetry": -5098.837904397496,
	"strength": 18.91156542721449,
	"roughness": -0.0004755010209415019,
	"standardDeviation": 25.129979383176703,
	"energyByOccurrence": 0.011631270141077222,
	"maximumOccurrenceProbability": 0.025892064537989642
}