{
	"mean": 127.04296875,
	"energy": 0.39739990234375,
	"entropy": 1.8637904215157572,
	"variance": 15939.814559936523,
	"contrast": 1965.986090686269,
	"fineness": 4.70817010144053,
	"asymmetry": -425.23008120059967,
	"strength": 19.59340395842913,
	"roughness": -0.00000655627360459753,
	"standardDeviation": 126.25297842006154,
	"energyByOccurrence": 0.3247255112216035,
	"maximumOccurrenceProbability": 0.40441176470585427
}