{
	"mean": 125.5625,
	"energy": 0.03662109375,
	"entropy": 4.849849367586925,
	"variance": 8072.77734375,
	"contrast": 79.18749999999977,
	"fineness": 0.06333280466658206,
	"asymmetry": 24788.26025390625,
	"strength": 131.47758473127377,
	"roughness": -0.000493143469330573,
	"standardDeviation": 89.84863573672112,
	"energyByOccurrence": 0.01757812499999989,
	"maximumOccurrenceProbability": 0.031249999999999892
}